48,1.79,28.07
47,1.82,28.25
46,1.86,28.33
45,1.86,27.96
44,1.85,28.54
44,1.85,28.54
43,1.86,28.91
43,1.86,28.91
43,1.86,28.91
43,1.86,28.91
42,1.89,29.59
42,1.89,29.59
41,1.86,30.08
41,1.86,30.08
38,1.91,28.37
38,1.91,28.37
38,1.91,28.37
36,1.84,28.95
35,1.85,29.2
52,1.9,29.73
67,2.05,30.36
76,2.17,31.64
79,2.24,32.26
78,2.25,32.29
82,2.24,32.22
82,2.25,32.25
82,2.24,32.78
81,2.22,32.85
81,2.25,33.23
83,2.29,32.88
82,2.28,33.07
81,2.26,32.76
81,2.28,32.51
78,2.31,32.12
73,2.25,32.73
68,2.27,32.92
65,2.34,33.33
63,2.33,32.9
63,2.39,32.99
67,2.36,31.64
74,2.47,31.78
87,2.5,33.71
93,2.57,34.13
101,2.62,34.18
105,2.64,34.07
106,2.65,34.73
106,2.65,34.49
102,2.66,34.76
103,2.68,35.1
105,2.64,35.21
106,2.62,35.15
105,2.6,34.96
104,2.61,35.49
102,2.6,35.31
100,2.61,35.54
99,2.62,35.43
95,2.63,36.19
93,2.64,36.43
90,2.61,36.31
92,2.56,35.87
99,2.56,35.78
100,2.55,36.02
108,2.52,35.98
113,2.51,35.79
120,2.52,35.92
127,2.56,36.13
124,2.58,36.46
124,2.58,36.49
128,2.61,36.46
133,2.64,36.59
130,2.64,37.0
129,2.67,37.02
126,2.69,36.8
123,2.66,36.93
120,2.67,36.74
112,2.65,36.93
109,2.65,36.61
110,2.64,36.6
109,2.68,36.74
110,2.69,36.74
114,2.66,35.42
120,2.65,35.15
119,2.63,34.24
123,2.64,34.21
125,2.62,34.91
129,2.7,35.36
133,2.71,34.97
134,2.7,34.91
135,2.7,34.67
131,2.69,34.81
133,2.7,35.22
137,2.68,35.32
139,2.69,35.97
138,2.75,35.92
137,2.76,36.08
133,2.77,35.62
130,2.76,35.75
126,2.74,35.63
121,2.71,36.14
122,2.73,36.24
121,2.77,36.53
125,2.75,36.64
127,2.74,36.55
125,2.75,36.46
128,2.72,36.46
134,2.76,36.0
138,2.76,35.51
137,2.78,35.15
136,2.76,34.82
137,2.78,34.5
137,2.8,34.22
137,2.79,33.88
138,2.78,33.98
133,2.8,33.81
129,2.81,34.06
128,2.84,34.52
134,2.85,34.27
132,2.85,33.46
134,2.88,33.73
136,2.88,33.84
134,2.87,33.67
138,2.85,33.25
134,2.85,32.99
130,2.86,33.17
128,2.88,33.03
129,2.89,32.87
129,2.92,32.9
133,2.89,32.96
127,2.88,32.35
121,2.87,32.23
121,2.85,32.46
120,2.85,32.35
116,2.86,32.3
118,2.86,31.73
119,2.87,31.78
115,2.89,32.0
118,2.88,31.48
117,2.87,31.18
117,2.86,31.14
114,2.84,31.19
115,2.88,30.74
111,2.87,30.05
110,2.84,30.3
112,2.82,30.93
109,2.84,30.77
108,2.87,30.88
103,2.88,30.7
103,2.83,31.17
106,2.8,31.82
107,2.8,31.94
104,2.8,31.76
101,2.82,31.41
100,2.85,31.76
103,2.87,31.61
110,2.84,31.62
115,2.8,31.76
112,2.83,31.82
116,2.82,31.9
121,2.84,32.2
121,2.84,33.17
117,2.86,33.46
120,2.9,33.23
120,2.86,32.8
118,2.83,33.03
115,2.82,33.23
118,2.79,33.42
113,2.8,33.27
115,2.79,33.34
114,2.8,33.39
116,2.82,33.65
116,2.85,34.55
115,2.81,34.57
115,2.82,34.45
119,2.83,34.2
121,2.82,33.91
123,2.81,33.56
120,2.79,33.87
124,2.79,34.45
130,2.8,35.0
128,2.82,35.92
125,2.82,35.98
122,2.82,35.79
118,2.83,35.95
114,2.82,35.97
110,2.81,35.43
108,2.84,36.02
110,2.83,35.91
110,2.82,35.96
109,2.82,36.17
104,2.81,36.76
104,2.8,36.71
104,2.78,36.89
105,2.82,36.86
102,2.77,36.1
109,2.76,35.68
111,2.77,36.0
115,2.81,36.43
115,2.8,36.51
119,2.83,36.78
125,2.85,37.45
125,2.86,37.26
120,2.87,37.1
117,2.86,37.27
111,2.89,37.36
106,2.88,37.33
102,2.9,37.27
103,2.86,37.09
104,2.86,37.2
103,2.87,37.3
102,2.9,37.71
100,2.89,38.03
100,2.88,37.64
98,2.89,37.45
98,2.87,37.16
105,2.82,35.63
104,2.85,35.65
108,2.84,35.89
107,2.84,35.88
113,2.89,36.39
119,2.9,37.43
120,2.94,37.86
123,2.93,38.25
125,2.93,38.72
123,2.93,39.08
124,2.96,38.66
121,2.94,38.35
119,2.93,38.41
117,2.92,38.31
112,2.9,38.57
112,2.91,38.83
111,2.88,38.96
112,2.88,39.05
106,2.9,39.18
108,2.89,39.09
106,2.87,38.26
107,2.88,37.68
111,2.85,37.9
110,2.85,37.82
104,2.84,37.86
103,2.82,38.01
105,2.81,38.1
107,2.81,38.13
111,2.82,38.23
116,2.79,38.0
119,2.74,37.91
117,2.74,38.07
112,2.76,38.24
109,2.75,37.9
106,2.74,38.24
104,2.75,38.14
99,2.71,37.97
100,2.68,37.97
97,2.65,38.34
96,2.63,38.58
102,2.69,38.6
109,2.66,37.46
109,2.65,36.94
111,2.64,36.05
107,2.67,36.7
113,2.68,36.83
117,2.67,36.77
118,2.72,36.71
119,2.73,36.47
120,2.74,36.83
117,2.71,37.61
119,2.72,37.84
119,2.74,37.74
120,2.73,37.98
117,2.73,38.42
107,2.74,38.06
107,2.74,37.88
104,2.76,37.84
103,2.77,38.34
100,2.77,37.89
112,2.79,37.74
114,2.79,37.59
113,2.82,37.64
112,2.77,37.62
115,2.72,37.91
122,2.72,37.5
122,2.72,37.3
119,2.72,37.13
118,2.74,37.2
117,2.76,37.66
118,2.75,37.52
119,2.78,37.69
116,2.78,37.29
122,2.81,37.17
126,2.81,37.04
126,2.85,37.52
123,2.85,37.33
117,2.84,37.35
112,2.85,37.06
114,2.85,36.54
116,2.87,36.42
122,2.89,36.6
128,2.9,36.76
130,2.88,37.19
134,2.88,37.69
136,2.88,37.72
143,2.83,37.61
149,2.81,37.82
148,2.79,37.68
148,2.81,37.37
147,2.82,37.31
147,2.83,37.46
149,2.84,37.3
152,2.85,37.28
151,2.85,36.98
149,2.85,37.04
150,2.85,36.89
145,2.86,36.83
141,2.85,36.44
140,2.85,36.38
139,2.86,35.98
141,2.86,35.76
145,2.84,35.8
143,2.85,35.91
141,2.85,36.09
141,2.83,35.67
150,2.82,35.79
158,2.8,35.8
157,2.78,35.7
157,2.77,35.8
159,2.82,35.51
163,2.82,35.88
164,2.82,35.94
164,2.81,35.77
160,2.83,35.66
159,2.84,35.48
156,2.84,35.38
153,2.85,35.41
148,2.85,35.51
148,2.83,35.59
143,2.82,35.64
143,2.85,35.31
148,2.87,35.35
148,2.86,34.89
146,2.85,35.02
142,2.84,34.87
149,2.8,34.52
148,2.73,34.59
141,2.76,34.66
141,2.77,34.94
150,2.81,34.7
152,2.81,34.61
154,2.85,34.92
162,2.88,35.19
165,2.87,34.98
167,2.88,34.78
167,2.89,34.94
167,2.89,34.94
164,2.91,34.99
163,2.93,35.02
162,2.93,34.97
162,2.93,34.84
156,2.93,34.63
153,2.94,34.73
149,2.91,34.77
153,2.89,34.92
158,2.87,34.65
164,2.83,34.71
170,2.78,34.7
170,2.82,34.87
166,2.82,34.78
164,2.82,34.84
160,2.82,35.08
158,2.82,34.9
158,2.84,34.59
156,2.81,34.8
157,2.8,34.94
155,2.82,34.9
151,2.82,35.21
148,2.84,35.19
148,2.86,35.3
147,2.89,35.35
147,2.91,35.33
147,2.93,35.17
151,2.93,34.58
154,2.94,34.84
159,2.93,34.83
163,2.94,34.67
168,2.91,34.61
171,2.88,34.81
176,2.86,34.77
172,2.86,35.01
170,2.87,34.82
166,2.86,34.82
166,2.88,34.73
166,2.87,34.94
167,2.86,35.2
162,2.89,35.28
155,2.89,35.5
156,2.9,35.89
155,2.88,36.27
153,2.91,36.78
152,2.92,36.45
158,2.94,36.85
163,2.92,36.31
161,2.94,36.28
167,2.95,36.02
172,2.98,36.56
181,2.98,36.73
189,2.97,36.54
191,2.95,36.5
191,2.94,36.02
189,2.94,36.06
185,2.92,36.44
186,2.91,36.4
189,2.92,36.55
189,2.93,36.39
189,2.89,36.46
186,2.89,36.54
183,2.9,36.43
186,2.94,36.25
185,2.95,35.96
178,2.95,35.67
172,2.94,35.65
171,2.94,35.52
179,2.94,36.08
179,2.94,36.37
178,2.94,35.94
179,2.92,36.53
184,2.92,36.07
192,2.93,35.94
193,2.93,35.9
186,2.91,35.99
186,2.93,35.95
187,2.94,36.09
188,2.94,36.27
189,2.95,36.49
184,2.95,36.25
183,2.95,36.81
176,2.94,36.99
175,2.94,37.01
170,2.94,37.11
164,2.95,37.22
161,2.97,37.69
163,2.96,37.73
170,2.93,37.4
171,2.89,37.1
174,2.89,37.14
174,2.9,37.34
179,2.89,37.49
181,2.9,37.5
181,2.91,37.43
176,2.89,37.44
176,2.9,37.35
181,2.91,37.58
183,2.9,37.45
184,2.87,37.48
183,2.83,37.48
185,2.81,37.21
182,2.79,37.72
184,2.81,38.21
181,2.8,38.23
173,2.81,38.44
172,2.81,38.03
177,2.8,38.15
178,2.81,38.27
182,2.78,38.4
179,2.77,38.82
183,2.79,38.94
186,2.76,39.04
197,2.74,39.39
200,2.73,39.32
200,2.74,39.42
198,2.75,39.15
201,2.76,39.09
202,2.74,39.1
200,2.75,39.14
199,2.74,39.29
196,2.74,39.58
195,2.74,39.57
192,2.76,39.8
185,2.75,39.91
177,2.74,39.96
173,2.75,39.64
173,2.73,39.7
174,2.72,39.45
170,2.73,39.43
173,2.72,39.93
169,2.71,40.11
168,2.74,40.61
169,2.77,41.08
163,2.75,41.17
165,2.74,40.81
169,2.74,40.13
175,2.75,40.42
187,2.74,40.1
190,2.71,40.54
188,2.7,40.4
184,2.7,40.37
182,2.7,40.41
178,2.69,40.75
175,2.72,40.59
170,2.71,40.48
166,2.71,40.68
171,2.7,40.77
176,2.69,41.01
175,2.69,41.27
170,2.7,41.46
178,2.68,41.27
178,2.63,40.91
173,2.64,41.15
168,2.65,41.36
170,2.64,41.56
172,2.67,41.18
171,2.67,41.16
183,2.67,40.62
183,2.67,40.36
181,2.65,40.44
179,2.65,40.16
177,2.64,40.01
172,2.63,39.68
172,2.62,39.51
165,2.64,39.53
162,2.63,39.05
159,2.63,38.86
154,2.64,38.8
152,2.63,38.53
148,2.66,38.54
144,2.62,38.36
149,2.62,38.71
145,2.6,38.57
140,2.6,38.79
135,2.63,39.39
132,2.62,39.16
135,2.67,38.92
142,2.68,38.07
144,2.7,38.06
145,2.71,38.67
144,2.71,38.25
144,2.72,38.27
140,2.71,38.45
140,2.71,38.59
138,2.68,38.93
135,2.66,39.02
134,2.7,39.41
126,2.69,39.25
123,2.7,39.23
126,2.69,39.45
126,2.72,39.41
126,2.74,39.63
128,2.72,39.91
129,2.68,40.03
132,2.65,39.72
139,2.65,39.66
143,2.63,39.71
142,2.64,40.1
141,2.63,39.93
140,2.63,39.57
153,2.66,39.63
164,2.64,39.83
169,2.63,39.7
169,2.64,39.45
170,2.62,39.48
169,2.63,39.72
162,2.62,39.83
157,2.62,39.7
157,2.62,39.79
158,2.66,39.81
156,2.67,39.73
155,2.68,40.29
158,2.67,40.24
164,2.65,40.05
170,2.65,40.19
172,2.65,40.15
178,2.64,39.92
186,2.63,39.86
183,2.65,39.9
182,2.61,40.06
186,2.6,39.81
191,2.6,39.67
201,2.59,39.96
209,2.55,40.33
207,2.54,40.46
203,2.55,40.55
196,2.58,40.52
190,2.57,40.73
187,2.57,40.73
184,2.57,40.72
178,2.6,40.79
174,2.64,40.74
168,2.63,40.79
169,2.65,40.79
164,2.67,40.65
163,2.7,40.22
166,2.7,39.65
166,2.71,39.17
174,2.7,39.25
181,2.72,39.31
186,2.77,39.17
192,2.75,38.28
199,2.74,38.38
206,2.71,38.85
221,2.7,39.03
223,2.68,39.06
222,2.66,39.1
221,2.65,39.1
224,2.69,39.5
221,2.69,39.67
216,2.69,39.72
212,2.71,39.95
208,2.72,40.29
197,2.71,40.36
191,2.72,40.4
190,2.7,40.49
186,2.7,40.74
189,2.71,40.19
191,2.64,39.76
199,2.6,40.0
198,2.62,40.36
196,2.6,40.29
197,2.57,40.09
212,2.54,39.72
223,2.55,39.24
232,2.52,38.94
229,2.47,38.83
230,2.46,39.11
234,2.45,39.17
233,2.46,39.16
229,2.44,39.46
229,2.43,39.64
222,2.46,39.17
221,2.45,38.77
221,2.44,39.1
222,2.45,39.26
218,2.46,39.15
212,2.43,38.63
225,2.47,39.01
227,2.47,39.26
226,2.49,39.71
225,2.49,39.4
221,2.47,39.35
218,2.44,39.6
228,2.44,39.25
227,2.47,38.92
236,2.48,38.4
242,2.47,38.13
234,2.47,38.07
238,2.47,38.1
232,2.44,37.73
224,2.45,38.02
222,2.47,37.91
216,2.47,38.14
211,2.46,38.15
206,2.49,38.06
206,2.49,38.37
207,2.48,38.84
206,2.49,38.69
204,2.48,39.03
202,2.49,39.05
197,2.44,38.88
202,2.44,39.2
205,2.38,39.85
210,2.4,40.45
211,2.4,40.41
218,2.4,40.34
237,2.38,39.7
236,2.35,39.5
236,2.34,39.28
230,2.36,39.19
228,2.34,39.17
229,2.32,39.16
226,2.33,38.93
221,2.33,38.71
218,2.31,38.26
213,2.32,38.19
214,2.31,38.48
212,2.29,38.49
208,2.29,38.34
193,2.27,38.41
189,2.24,38.45
189,2.26,38.6
190,2.31,38.3
198,2.32,38.31
206,2.32,38.42
214,2.25,38.83
218,2.26,38.26
228,2.28,37.67
229,2.25,37.3
229,2.26,37.34
225,2.29,37.46
219,2.3,37.26
210,2.31,37.22
206,2.3,37.4
201,2.31,37.17
197,2.31,36.35
191,2.28,36.25
190,2.28,36.13
186,2.27,36.47
179,2.28,36.04
173,2.29,36.41
171,2.27,37.0
170,2.26,37.4
169,2.3,37.28
178,2.32,37.24
190,2.26,36.78
204,2.2,37.67
206,2.2,37.8
206,2.19,37.57
209,2.19,36.84
210,2.18,37.08
212,2.19,36.86
212,2.2,36.93
214,2.2,36.93
210,2.21,37.2
206,2.22,36.94
204,2.23,37.16
200,2.2,36.88
195,2.19,36.71
190,2.19,37.25
186,2.25,37.31
185,2.3,37.46
178,2.32,37.66
182,2.34,37.63
184,2.35,37.47
194,2.31,37.13
211,2.31,37.83
213,2.32,37.85
212,2.32,38.4
216,2.3,38.6
223,2.29,38.98
225,2.28,38.73
230,2.25,38.46
232,2.27,38.27
227,2.27,37.97
225,2.28,38.09
222,2.27,37.8
219,2.27,37.29
223,2.28,36.94
223,2.28,37.17
219,2.28,37.18
214,2.28,37.66
205,2.28,37.95
203,2.31,37.59
201,2.33,37.92
208,2.35,38.21
215,2.33,38.39
223,2.35,38.13
226,2.38,38.61
230,2.36,38.39
229,2.38,38.66
232,2.35,39.02
233,2.34,39.04
235,2.35,38.86
240,2.34,38.61
239,2.34,38.66
236,2.37,38.61
230,2.36,38.77
233,2.37,38.8
237,2.37,38.55
232,2.42,38.61
231,2.41,38.47
223,2.41,38.61
212,2.43,38.73
207,2.44,38.68
211,2.43,38.58
219,2.43,38.0
216,2.42,37.6
224,2.45,37.77
226,2.48,37.66
225,2.47,37.25
226,2.43,37.65
226,2.45,38.1
223,2.44,38.37
229,2.46,38.41
230,2.44,38.3
226,2.44,38.23
222,2.46,37.78
226,2.45,37.98
226,2.46,38.11
228,2.45,38.05
223,2.43,38.27
215,2.44,38.26
205,2.42,38.19
202,2.44,38.75
199,2.44,38.93
199,2.43,38.76
202,2.42,38.31
205,2.43,38.0
208,2.46,38.16
209,2.42,37.97
201,2.39,37.82
198,2.41,37.91
199,2.42,37.75
196,2.46,37.58
198,2.47,37.75
197,2.5,37.6
199,2.49,37.75
199,2.5,37.54
199,2.5,36.94
194,2.53,36.83
196,2.53,36.47
197,2.5,36.73
194,2.49,37.02
194,2.5,37.62
195,2.5,37.87
206,2.45,37.44
207,2.46,36.92
213,2.47,37.49
213,2.51,37.49
216,2.49,37.9
209,2.51,37.79
212,2.48,37.68
217,2.51,37.36
219,2.5,37.33
225,2.53,37.56
229,2.53,37.61
229,2.54,37.79
229,2.57,37.72
233,2.55,37.78
229,2.55,37.34
230,2.56,37.22
223,2.54,37.07
223,2.54,37.2
218,2.55,37.28
222,2.54,37.01
223,2.5,37.11
225,2.49,37.54
224,2.53,37.36
221,2.51,37.25
219,2.51,37.15
220,2.52,36.9
225,2.52,36.64
231,2.51,36.5
232,2.53,36.4
231,2.53,35.93
236,2.53,36.06
238,2.56,36.22
242,2.58,36.41
244,2.61,36.35
248,2.63,36.47
246,2.61,36.57
250,2.63,36.82
251,2.61,37.07
245,2.63,37.0
246,2.61,36.98
240,2.59,37.16
240,2.56,37.06
236,2.57,36.86
232,2.59,36.72
229,2.58,36.72
233,2.61,36.66
239,2.65,36.98
246,2.63,37.11
248,2.63,37.23
244,2.63,37.65
243,2.63,37.65
241,2.65,37.77
241,2.63,37.71
241,2.63,37.87
237,2.63,37.7
228,2.63,38.08
223,2.65,38.16
219,2.64,38.05
213,2.64,38.24
206,2.63,38.25
204,2.62,38.34
208,2.61,38.65
204,2.63,38.8
199,2.64,38.66
196,2.65,38.77
195,2.66,39.11
202,2.67,39.01
202,2.65,39.47
201,2.7,39.44
201,2.69,39.24
211,2.67,39.11
223,2.64,38.88
226,2.63,38.71
233,2.64,38.62
232,2.65,38.72
232,2.64,38.9
230,2.62,38.92
228,2.62,38.94
221,2.64,39.03
214,2.65,38.64
211,2.65,38.64
210,2.64,38.28
209,2.63,38.26
208,2.63,38.51
208,2.63,38.07
205,2.63,38.45
201,2.59,38.91
196,2.57,38.97
193,2.57,38.89
196,2.59,38.83
206,2.59,38.89
215,2.59,39.23
212,2.58,39.46
212,2.6,39.13
211,2.62,38.77
208,2.62,38.63
204,2.65,38.36
205,2.65,38.32
202,2.66,37.88
193,2.63,38.08
183,2.65,37.84
177,2.65,38.12
168,2.65,38.58
171,2.66,38.56
168,2.7,38.29
167,2.67,38.1
161,2.71,38.07
157,2.71,38.01
148,2.68,37.85
141,2.66,37.65
151,2.62,38.08
162,2.64,39.24
169,2.65,39.67
166,2.65,39.85
167,2.67,39.96
171,2.7,40.05
171,2.67,40.38
170,2.68,40.86
170,2.7,40.6
169,2.69,40.49
165,2.73,40.48
167,2.74,40.09
164,2.74,40.1
163,2.77,39.99
161,2.78,40.12
158,2.78,40.31
153,2.76,40.29
154,2.77,40.06
152,2.77,40.21
151,2.8,39.81
160,2.78,39.71
163,2.77,39.79
168,2.73,39.24
170,2.72,39.21
162,2.72,39.41
166,2.72,39.52
165,2.7,39.75
165,2.7,40.26
166,2.66,40.29
177,2.69,40.35
175,2.68,40.47
169,2.69,40.51
167,2.67,40.3
166,2.67,40.09
166,2.69,40.17
161,2.68,40.59
155,2.71,40.46
149,2.72,40.51
145,2.72,40.52
141,2.72,39.79
137,2.74,39.77
142,2.74,39.22
142,2.77,39.02
136,2.77,39.22
140,2.84,39.58
145,2.82,40.04
148,2.77,40.42
151,2.78,40.59
150,2.78,41.33
149,2.78,41.32
150,2.77,41.43
152,2.76,41.19
149,2.82,41.14
150,2.84,40.88
157,2.82,40.93
159,2.83,40.87
155,2.83,41.06
153,2.81,41.49
152,2.79,41.66
151,2.8,41.45
151,2.82,41.65
150,2.8,41.82
149,2.81,41.25
143,2.8,41.02
138,2.79,40.72
144,2.8,40.46
143,2.79,40.73
140,2.8,40.65
142,2.78,41.09
141,2.8,41.28
142,2.84,41.01
144,2.88,40.86
146,2.89,40.81
145,2.92,41.09
142,2.9,41.23
146,2.93,41.31
151,2.97,41.4
148,2.97,41.34
146,2.95,41.2
150,2.94,41.28
152,2.93,40.94
148,2.95,41.06
137,2.97,41.01
135,2.98,40.96
132,2.99,41.1
136,3.0,41.19
143,3.02,40.81
145,3.02,40.85
150,3.02,41.71
149,3.01,41.61
154,2.99,41.69
157,3.03,41.92
154,3.04,41.88
151,3.04,42.03
150,3.04,42.21
144,3.07,42.26
143,3.07,42.25
142,3.06,42.23
139,3.06,42.2
138,3.06,42.39
138,3.07,42.3
141,3.08,42.55
138,3.06,42.83
139,3.07,42.83
142,3.08,42.66
140,3.1,42.63
142,3.11,42.77
141,3.07,42.65
146,3.05,42.81
150,3.01,43.03
152,2.99,43.13
147,2.99,43.1
141,3.0,43.17
139,3.01,43.16
133,3.02,43.44
131,3.01,43.65
127,3.0,43.75
121,3.03,44.09
114,3.06,44.11
111,3.06,44.11
110,3.06,43.99
113,3.09,43.75
117,3.09,43.54
120,3.09,43.2
119,3.13,42.83
121,3.11,43.2
124,3.13,43.55
124,3.15,43.43
125,3.1,43.78
127,3.09,43.9
128,3.11,43.81
124,3.1,43.8
123,3.1,43.79
120,3.08,43.91
117,3.08,43.9
112,3.14,43.78
111,3.16,44.03
103,3.18,43.61
100,3.18,43.88
95,3.18,43.55
92,3.19,43.85
97,3.19,43.88
101,3.18,43.63
110,3.18,43.26
116,3.17,43.17
118,3.18,43.43
122,3.18,43.33
121,3.18,43.32
126,3.16,42.65
133,3.17,42.41
130,3.19,42.26
126,3.21,42.41
121,3.21,42.23
118,3.22,42.3
114,3.23,42.87
113,3.23,42.85
111,3.23,43.09
108,3.23,43.05
105,3.2,43.14
105,3.22,42.72
108,3.21,42.51
108,3.22,42.14
105,3.22,41.96
109,3.23,42.05
115,3.23,42.42
116,3.21,42.79
118,3.17,43.03
120,3.17,42.45
126,3.21,42.32
131,3.22,42.7
138,3.23,42.46
136,3.24,42.43
134,3.24,42.82
126,3.23,42.62
124,3.23,42.83
125,3.22,42.61
120,3.21,42.55
119,3.2,42.41
121,3.18,42.32
121,3.18,42.67
123,3.19,42.92
123,3.16,42.2
124,3.16,42.11
128,3.16,41.86
131,3.17,42.23
125,3.16,42.03
127,3.17,41.95
133,3.19,41.95
143,3.21,42.1
146,3.21,42.15
151,3.21,42.21
147,3.2,42.15
146,3.22,42.14
147,3.23,42.06
146,3.23,42.04
144,3.22,42.32
142,3.22,42.29
140,3.21,42.15
136,3.23,41.99
134,3.23,42.07
138,3.24,41.92
133,3.25,41.84
136,3.25,41.48
138,3.23,41.5
136,3.2,41.46
137,3.18,41.47
130,3.17,41.44
127,3.16,41.49
133,3.15,41.48
134,3.17,41.6
130,3.17,41.86
134,3.19,41.71
134,3.19,41.92
133,3.19,41.71
132,3.2,41.59
126,3.21,41.03
124,3.21,41.34
122,3.21,41.42
120,3.24,41.38
118,3.25,41.46
117,3.25,41.43
117,3.24,40.81
121,3.25,40.68
128,3.25,40.31
130,3.26,40.49
134,3.26,40.8
132,3.25,41.29
134,3.26,41.11
135,3.24,41.03
135,3.24,40.39
133,3.25,39.9
136,3.25,39.78
133,3.25,39.68
135,3.26,39.54
136,3.26,39.46
135,3.26,39.75
134,3.25,39.5
133,3.25,39.14
135,3.27,39.1
134,3.27,38.65
132,3.26,39.0
134,3.28,38.87
134,3.29,38.34
137,3.3,38.68
134,3.31,38.88
136,3.32,39.16
140,3.34,39.61
143,3.32,40.41
150,3.32,39.82
155,3.32,39.22
150,3.33,39.64
149,3.32,39.5
149,3.31,39.33
151,3.31,39.4
149,3.3,39.34
149,3.31,39.44
143,3.32,39.55
146,3.33,39.44
148,3.33,39.4
149,3.33,39.63
145,3.33,39.3
142,3.33,39.09
138,3.34,38.94
136,3.37,38.77
137,3.36,39.12
136,3.36,39.08
144,3.35,39.46
142,3.35,39.3
145,3.35,39.49
152,3.35,39.82
152,3.34,39.91
153,3.34,39.75
149,3.32,40.12
146,3.33,40.43
143,3.33,40.55
146,3.33,40.72
148,3.35,40.36
150,3.37,40.21
147,3.39,39.54
156,3.38,39.14
157,3.38,38.98
158,3.38,39.38
151,3.37,39.06
146,3.39,39.09
144,3.38,38.82
144,3.37,39.22
141,3.35,39.74
139,3.34,39.47
144,3.34,40.03
152,3.35,40.16
157,3.36,40.02
155,3.37,40.23
152,3.36,40.06
145,3.36,39.97
143,3.37,40.32
141,3.37,40.18
136,3.38,40.14
138,3.38,40.2
141,3.39,39.98
149,3.38,40.29
157,3.37,40.3
160,3.38,40.09
158,3.37,40.48
156,3.38,40.8
153,3.37,40.54
148,3.35,40.43
148,3.35,40.43
150,3.35,40.67
152,3.35,40.62
154,3.35,40.83
157,3.36,40.89
155,3.38,40.84
149,3.37,41.39
150,3.38,41.41
146,3.39,41.04
146,3.39,40.75
143,3.38,40.58
141,3.38,40.42
140,3.37,40.5
142,3.38,40.75
148,3.39,40.79
156,3.37,40.79
159,3.37,40.85
157,3.37,40.72
157,3.37,40.72
154,3.36,40.75
153,3.36,40.71
157,3.36,40.61
156,3.36,40.49
157,3.37,40.41
163,3.37,40.02
166,3.39,40.43
165,3.39,40.42
163,3.39,40.64
166,3.39,40.87
165,3.4,41.02
166,3.41,40.79
162,3.41,40.52
156,3.41,40.38
156,3.4,40.56
155,3.41,40.43
156,3.41,40.45
158,3.41,40.41
158,3.41,40.69
157,3.39,40.56
157,3.39,40.55
156,3.39,40.72
161,3.37,40.11
162,3.36,39.7
158,3.37,39.51
160,3.38,39.55
164,3.39,39.57
164,3.4,39.67
165,3.4,39.36
166,3.41,39.74
169,3.41,39.55
171,3.42,39.6
161,3.41,38.82
154,3.4,39.32
150,3.39,39.28
150,3.39,39.29
149,3.41,39.44
151,3.41,39.51
151,3.42,39.97
152,3.42,39.89
152,3.42,39.79
146,3.43,40.11
148,3.41,40.36
148,3.42,40.73
147,3.41,40.6
153,3.41,41.01
160,3.41,41.06
164,3.42,40.78
165,3.41,40.72
165,3.4,40.81
167,3.41,41.12
172,3.42,40.64
168,3.41,40.57
165,3.41,40.42
167,3.41,40.55
165,3.4,40.76
167,3.41,40.55
170,3.43,40.43
168,3.42,40.72
168,3.42,40.72
163,3.41,40.63
162,3.4,40.61
160,3.39,40.21
158,3.38,40.07
154,3.39,40.15
161,3.37,40.24
169,3.36,40.33
177,3.35,40.5
175,3.35,40.61
179,3.36,39.73
190,3.37,39.98
192,3.36,40.62
188,3.36,40.79
185,3.36,40.35
183,3.36,40.08
185,3.36,40.2
187,3.36,40.01
189,3.36,40.05
190,3.37,40.15
187,3.36,40.48
182,3.38,40.38
178,3.38,40.37
172,3.38,40.49
170,3.39,40.44
178,3.39,40.12
177,3.38,39.86
177,3.37,40.11
186,3.35,40.38
190,3.35,40.15
195,3.35,39.73
191,3.35,39.73
192,3.37,39.38
188,3.37,39.52
190,3.37,39.56
198,3.37,39.74
196,3.38,39.69
203,3.37,39.91
198,3.37,39.95
199,3.37,40.4
202,3.38,39.96
200,3.39,39.99
208,3.39,39.8
207,3.4,39.58
205,3.4,39.6
198,3.4,39.51
194,3.4,39.57
192,3.4,39.67
194,3.41,39.8
197,3.4,40.31
202,3.39,39.9
207,3.37,39.81
205,3.38,39.7
198,3.38,39.31
204,3.37,39.03
204,3.38,39.16
205,3.37,39.4
201,3.37,39.38
200,3.36,39.85
202,3.34,39.6
205,3.34,40.16
212,3.34,40.34
217,3.33,40.44
218,3.33,40.38
216,3.33,40.67
213,3.33,40.7
208,3.34,40.54
206,3.35,40.51
205,3.36,40.35
204,3.36,40.55
213,3.35,40.57
221,3.34,40.18
222,3.33,39.81
223,3.31,39.39
217,3.31,38.86
219,3.31,38.38
216,3.31,38.3
208,3.31,38.07
210,3.33,38.2
210,3.33,38.4
216,3.34,39.03
222,3.34,39.55
227,3.33,39.78
231,3.33,39.85
232,3.34,39.69
228,3.35,39.73
223,3.36,39.57
214,3.36,39.64
215,3.36,39.53
213,3.35,39.56
213,3.34,39.03
217,3.35,38.6
212,3.33,38.61
217,3.34,38.6
216,3.33,38.44
217,3.33,38.6
217,3.34,38.74
215,3.33,38.62
218,3.33,38.7
226,3.33,38.63
234,3.33,38.75
244,3.33,38.73
253,3.33,38.87
250,3.32,39.44
250,3.32,39.22
247,3.33,39.55
248,3.33,39.68
241,3.33,40.04
238,3.33,40.04
239,3.32,39.4
242,3.32,39.75
246,3.32,40.16
248,3.31,40.26
247,3.32,40.65
243,3.31,40.42
244,3.31,40.32
245,3.32,40.45
239,3.31,40.25
240,3.32,40.44
237,3.32,40.45
239,3.31,40.35
247,3.31,40.23
251,3.31,40.18
255,3.31,39.85
253,3.31,39.81
251,3.31,39.96
250,3.31,40.06
246,3.32,40.17
244,3.32,40.14
241,3.31,39.98
241,3.31,39.81
247,3.32,39.74
246,3.32,39.49
241,3.32,39.21
234,3.32,39.13
229,3.32,38.95
227,3.33,38.79
233,3.32,39.11
239,3.32,38.92
240,3.3,38.77
237,3.29,38.76
246,3.28,39.13
247,3.27,39.19
243,3.26,39.36
245,3.28,39.7
247,3.28,39.84
251,3.28,39.97
250,3.27,39.67
258,3.27,39.86
255,3.26,39.92
255,3.26,39.91
257,3.28,40.06
249,3.28,39.64
241,3.26,39.5
236,3.27,39.46
232,3.28,39.44
228,3.28,39.36
228,3.27,39.17
237,3.27,38.98
236,3.27,39.38
235,3.27,39.38
246,3.27,39.65
253,3.28,39.65
251,3.27,39.79
261,3.27,39.68
257,3.26,39.61
254,3.25,39.5
253,3.25,39.43
253,3.24,39.53
252,3.24,39.74
246,3.24,39.93
238,3.23,39.84
233,3.24,40.12
226,3.25,40.18
221,3.25,40.09
212,3.24,40.4
216,3.24,40.4
214,3.24,40.37
213,3.26,40.02
210,3.27,40.03
200,3.28,39.84
213,3.28,39.81
222,3.28,39.86
225,3.29,40.29
232,3.28,40.28
243,3.28,40.4
246,3.3,40.61
248,3.3,40.75
250,3.28,40.99
252,3.28,41.18
252,3.28,41.23
251,3.28,41.28
242,3.28,41.2
243,3.27,41.21
230,3.27,41.18
226,3.28,41.18
220,3.29,41.43
212,3.3,41.26
207,3.3,41.54
199,3.29,41.23
193,3.29,41.2
196,3.29,41.24
195,3.29,41.52
201,3.29,42.09
209,3.3,42.56
220,3.29,42.3
225,3.29,42.46
234,3.29,42.64
230,3.3,43.17
231,3.3,43.18
224,3.28,43.4
224,3.28,43.72
224,3.28,44.02
213,3.29,44.29
209,3.28,44.37
205,3.28,44.16
198,3.29,44.03
192,3.3,43.95
189,3.3,43.58
178,3.3,43.07
176,3.3,43.14
170,3.3,42.52
171,3.33,42.62
179,3.33,42.21
184,3.33,41.8
199,3.33,41.76
204,3.32,41.67
205,3.32,41.8
205,3.32,42.0
203,3.31,42.18
199,3.31,42.22
201,3.3,42.52
198,3.29,42.64
196,3.28,43.06
196,3.29,43.21
201,3.29,43.22
197,3.29,43.63
194,3.29,43.32
193,3.29,43.34
185,3.31,43.62
182,3.31,43.83
181,3.3,43.65
189,3.3,43.96
190,3.3,43.64
196,3.3,42.99
197,3.3,43.01
201,3.31,43.05
209,3.31,43.27
213,3.31,43.01
221,3.3,43.29
217,3.31,43.35
219,3.3,43.36
224,3.31,43.25
222,3.32,43.19
217,3.31,43.18
210,3.31,43.63
209,3.29,43.22
207,3.29,43.22
205,3.3,43.7
200,3.3,43.91
200,3.31,43.7
197,3.3,43.41
198,3.3,43.33
198,3.29,43.91
195,3.29,43.91
189,3.3,43.68
192,3.29,43.61
198,3.29,43.34
206,3.28,43.24
213,3.27,43.33
224,3.27,43.29
226,3.28,43.17
229,3.28,43.19
231,3.28,43.13
230,3.28,43.37
228,3.28,43.36
223,3.28,43.3
218,3.29,43.03
218,3.29,43.1
208,3.29,43.54
201,3.29,43.73
194,3.28,43.94
189,3.29,44.02
190,3.29,44.4
193,3.29,44.9
192,3.3,45.12
184,3.29,45.25
184,3.3,45.12
190,3.31,45.68
199,3.3,45.83
216,3.29,45.81
216,3.3,45.75
219,3.28,45.86
219,3.28,45.99
219,3.27,46.11
217,3.27,45.94
217,3.27,45.93
212,3.27,45.78
211,3.27,46.06
206,3.27,46.32
201,3.27,46.36
198,3.26,46.25
192,3.25,46.17
184,3.25,46.26
182,3.25,46.2
183,3.24,46.65
181,3.24,47.15
181,3.24,46.75
177,3.25,46.97
179,3.26,46.7
195,3.27,46.83
208,3.26,46.92
219,3.26,46.9
219,3.26,46.9
231,3.26,46.39
231,3.25,46.4
231,3.25,46.28
232,3.25,46.39
227,3.24,46.56
228,3.24,46.55
228,3.23,46.87
233,3.22,46.69
230,3.22,46.79
227,3.21,46.7
224,3.22,46.67
219,3.22,46.35
221,3.23,46.2
218,3.23,46.43
211,3.23,46.77
204,3.23,46.46
202,3.23,46.48
207,3.23,46.89
210,3.24,46.92
221,3.26,46.78
225,3.26,46.48
224,3.25,46.25
220,3.25,46.29
217,3.24,46.14
219,3.24,45.79
209,3.26,45.87
212,3.25,45.84
216,3.23,45.87
216,3.22,45.21
215,3.22,45.35
212,3.22,45.5
210,3.2,45.19
212,3.2,44.85
211,3.21,45.05
208,3.21,45.67
207,3.2,45.48
204,3.21,45.57
203,3.22,45.31
196,3.21,45.07
196,3.21,44.92
195,3.21,44.78
194,3.21,44.85
187,3.22,44.13
188,3.2,44.06
189,3.21,43.76
191,3.21,43.84
190,3.22,44.21
199,3.21,44.41
201,3.21,44.49
199,3.21,44.06
197,3.2,44.2
195,3.19,44.06
200,3.19,44.06
194,3.19,43.84
203,3.19,43.77
202,3.19,43.76
203,3.2,43.43
204,3.2,43.23
199,3.2,43.13
197,3.2,42.91
192,3.2,42.96
189,3.2,42.86
185,3.2,42.97
185,3.2,43.36
187,3.21,42.98
191,3.21,42.86
191,3.2,42.93
191,3.21,43.37
191,3.21,43.45
196,3.21,43.62
197,3.21,44.06
200,3.2,44.56
203,3.2,44.61
202,3.2,44.68
207,3.2,44.59
218,3.19,44.56
221,3.19,44.74
224,3.2,44.66
224,3.2,44.34
213,3.21,44.22
214,3.22,44.23
214,3.22,43.55
209,3.21,43.75
215,3.2,43.82
219,3.21,43.82
221,3.21,43.89
222,3.23,43.83
219,3.23,43.7
222,3.22,43.2
226,3.23,42.4
231,3.23,41.93
231,3.23,41.88
224,3.24,42.12
221,3.24,42.1
217,3.24,42.06
218,3.23,41.81
227,3.22,41.7
228,3.24,41.52
230,3.22,41.85
231,3.22,42.04
230,3.21,42.04
236,3.21,42.27
240,3.2,41.95
237,3.21,42.23
240,3.2,42.42
245,3.21,42.39
248,3.21,42.47
246,3.21,42.63
249,3.21,42.48
248,3.22,42.42
245,3.21,42.64
245,3.22,42.87
245,3.21,43.35
245,3.22,43.23
234,3.22,43.31
236,3.22,43.03
237,3.22,43.09
237,3.22,42.91
242,3.22,42.81
241,3.22,42.79
238,3.21,42.59
233,3.21,42.63
229,3.21,42.67
231,3.2,42.67
230,3.19,43.1
230,3.18,43.59
229,3.17,43.96
233,3.18,44.08
240,3.2,43.85
243,3.21,43.68
248,3.22,43.5
247,3.22,43.03
250,3.23,43.15
245,3.24,43.25
240,3.23,43.48
236,3.24,43.54
242,3.25,43.73
236,3.26,43.84
237,3.27,43.72
233,3.27,43.91
233,3.27,43.66
229,3.27,43.77
227,3.27,43.76
226,3.27,43.64
224,3.26,43.76
225,3.26,43.68
223,3.28,43.81
226,3.27,43.82
231,3.27,43.95
237,3.27,44.44
243,3.26,44.47
243,3.26,44.29
237,3.27,44.24
230,3.28,44.19
238,3.29,44.26
240,3.3,44.62
240,3.3,44.91
243,3.32,45.19
246,3.33,45.18
244,3.32,45.13
246,3.31,44.83
243,3.32,45.02
243,3.31,44.54
243,3.31,44.54
247,3.31,44.18
250,3.31,44.22
256,3.31,44.11
256,3.32,44.16
256,3.32,44.45
265,3.31,44.7
268,3.31,44.8
271,3.32,44.95
269,3.32,45.16
271,3.32,45.15
265,3.32,45.56
264,3.32,45.51
263,3.33,46.11
265,3.32,45.84
261,3.33,45.82
267,3.33,45.62
263,3.33,45.49
261,3.33,45.17
259,3.33,45.03
258,3.33,44.99
259,3.33,45.13
260,3.32,45.29
254,3.33,45.83
253,3.34,46.17
253,3.34,46.28
257,3.34,46.45
250,3.35,46.3
255,3.35,46.42
261,3.35,46.16
256,3.35,46.32
261,3.35,46.44
266,3.35,46.92
270,3.35,46.93
267,3.35,47.01
272,3.35,47.01
273,3.35,46.95
272,3.35,47.26
267,3.36,47.37
263,3.36,47.04
265,3.36,46.9
266,3.36,46.89
272,3.35,46.77
275,3.36,46.84
269,3.36,47.11
268,3.36,47.01
269,3.36,46.94
263,3.36,46.79
255,3.36,46.87
254,3.36,46.89
249,3.36,46.77
254,3.36,46.83
252,3.37,46.63
255,3.35,46.38
255,3.35,45.81
261,3.33,45.92
257,3.33,45.81
250,3.34,45.75
265,3.36,45.96
272,3.36,45.91
272,3.36,46.11
272,3.37,46.26
282,3.37,46.48
294,3.37,46.42
291,3.38,46.44
290,3.38,46.49
287,3.38,46.71
281,3.38,46.92
276,3.38,47.18
273,3.38,47.31
269,3.39,47.41
266,3.38,47.51
261,3.38,47.69
265,3.36,47.69
267,3.36,47.08
277,3.34,46.92
276,3.33,46.82
274,3.33,46.52
276,3.33,46.3
274,3.33,45.91
273,3.33,45.61
268,3.33,45.58
271,3.32,45.87
276,3.33,45.94
276,3.33,46.13
276,3.34,45.98
280,3.34,46.05
274,3.34,45.84
278,3.34,46.01
276,3.34,46.08
273,3.35,46.16
268,3.34,46.09
260,3.34,46.44
261,3.36,46.16
253,3.37,45.83
250,3.37,45.78
247,3.36,45.58
253,3.35,45.42
266,3.35,45.45
270,3.36,45.58
274,3.35,45.6
276,3.35,46.15
280,3.35,46.27
283,3.35,46.19
283,3.35,45.99
274,3.34,45.75
276,3.35,45.63
266,3.34,45.38
262,3.35,45.49
266,3.36,45.84
266,3.36,46.0
260,3.37,46.21
260,3.38,46.48
252,3.38,46.28
249,3.38,46.01
246,3.39,46.28
249,3.37,46.41
252,3.38,46.26
254,3.38,46.35
261,3.39,46.67
257,3.4,47.04
269,3.38,47.36
266,3.39,47.19
272,3.38,47.59
278,3.38,46.99
277,3.38,46.7
279,3.38,46.57
276,3.39,46.45
273,3.39,46.79
269,3.39,46.57
263,3.39,46.63
264,3.4,46.89
259,3.4,47.23
251,3.4,47.1
244,3.4,46.85
236,3.4,46.05
231,3.4,46.29
228,3.39,46.57
223,3.4,46.52
227,3.4,46.35
244,3.4,46.64
253,3.39,46.59
250,3.39,46.52
251,3.39,46.5
251,3.39,46.78
260,3.39,46.83
267,3.39,46.53
268,3.38,46.41
270,3.38,46.28
264,3.38,46.72
257,3.38,46.58
251,3.38,46.76
250,3.38,46.26
249,3.39,46.1
250,3.4,46.03
242,3.4,46.05
235,3.4,46.0
228,3.39,45.95
229,3.38,45.99
232,3.38,45.67
238,3.39,45.52
245,3.4,45.26
247,3.4,45.08
246,3.41,45.03
244,3.41,45.22
238,3.41,45.2
245,3.41,44.82
239,3.4,45.38
231,3.4,45.07
229,3.4,45.07
229,3.4,45.38
227,3.4,45.77
224,3.4,45.49
230,3.41,45.82
226,3.41,45.68
220,3.41,45.41
212,3.41,45.6
208,3.4,45.43
212,3.4,45.14
216,3.4,44.92
222,3.4,45.01
221,3.41,45.09
218,3.41,45.11
216,3.4,45.39
212,3.39,45.48
212,3.38,45.61
208,3.39,45.64
204,3.39,45.68
206,3.39,45.45
207,3.39,45.65
207,3.38,45.73
217,3.39,45.59
214,3.4,45.75
221,3.41,46.15
239,3.41,45.92
239,3.4,45.38
243,3.4,45.24
244,3.41,45.48
243,3.41,45.54
249,3.42,45.63
256,3.42,45.7
257,3.43,45.41
261,3.43,45.17
260,3.42,45.07
255,3.43,44.86
253,3.43,44.98
248,3.43,44.94
246,3.43,45.01
243,3.43,45.21
238,3.43,45.23
243,3.43,45.03
236,3.42,44.71
231,3.43,44.84
229,3.42,44.92
231,3.42,45.33
222,3.41,45.58
225,3.4,45.43
222,3.4,45.26
219,3.39,45.21
221,3.39,44.82
217,3.39,45.17
221,3.4,45.35
221,3.41,45.42
226,3.41,45.64
224,3.42,45.77
224,3.42,45.65
219,3.4,45.57
218,3.4,45.77
212,3.4,46.03
212,3.4,45.97
206,3.39,46.17
204,3.39,46.59
205,3.4,46.79
207,3.39,47.18
202,3.38,47.53
201,3.39,47.9
205,3.39,47.82
211,3.38,48.32
213,3.38,48.34
217,3.38,48.58
218,3.38,48.82
217,3.38,48.71
233,3.38,48.15
234,3.39,48.25
230,3.4,48.45
227,3.4,48.26
229,3.4,48.24
230,3.4,48.04
224,3.39,47.89
213,3.39,47.9
210,3.4,47.96
210,3.4,47.62
208,3.4,47.66
201,3.41,47.57
199,3.41,47.67
197,3.4,47.72
199,3.41,47.83
203,3.42,47.82
206,3.43,47.98
212,3.43,48.14
208,3.43,48.16
207,3.42,48.19
213,3.43,47.95
218,3.42,47.74
217,3.42,47.83
214,3.42,47.62
218,3.43,47.81
219,3.43,47.74
224,3.43,47.72
229,3.43,47.58
223,3.42,47.68
224,3.42,47.8
217,3.43,47.72
216,3.43,47.48
218,3.43,47.38
218,3.43,47.31
214,3.43,47.31
214,3.43,47.37
221,3.42,47.47
229,3.42,47.42
232,3.42,47.32
240,3.43,47.34
249,3.44,47.29
259,3.44,47.28
261,3.45,47.26
266,3.46,47.31
261,3.47,47.21
259,3.47,47.13
260,3.46,47.06
267,3.46,47.14
269,3.45,47.32
268,3.44,47.23
267,3.44,47.13
259,3.44,47.06
259,3.43,47.17
251,3.42,46.99
248,3.42,46.91
246,3.41,46.82
245,3.42,46.67
244,3.42,46.56
241,3.42,46.7
242,3.42,46.81
253,3.42,46.97
261,3.42,46.72
263,3.43,46.81
257,3.44,46.87
260,3.45,46.73
257,3.46,46.77
256,3.46,46.79
257,3.45,46.77
255,3.45,46.99
260,3.45,47.25
261,3.45,47.13
257,3.44,47.22
254,3.45,47.14
255,3.45,47.18
253,3.44,47.43
244,3.44,47.43
242,3.43,47.28
240,3.44,47.14
232,3.45,47.13
229,3.46,47.11
237,3.46,46.95
238,3.47,46.93
240,3.47,47.02
238,3.47,47.16
234,3.48,47.26
233,3.48,47.15
234,3.49,46.97
235,3.49,46.72
230,3.49,46.83
228,3.48,46.91
226,3.49,46.99
227,3.5,46.98
229,3.5,47.25
223,3.51,47.39
218,3.51,47.65
223,3.51,47.33
226,3.52,47.35
224,3.52,47.31
222,3.51,47.59
223,3.51,47.52
225,3.51,47.37
222,3.5,47.29
230,3.5,47.17
237,3.49,47.24
235,3.5,47.33
238,3.5,47.47
231,3.5,47.75
232,3.5,47.62
226,3.5,47.48
230,3.5,47.17
234,3.5,47.0
228,3.5,47.08
223,3.5,47.02
222,3.5,47.03
222,3.5,46.97
220,3.5,46.79
216,3.5,47.04
217,3.5,47.15
212,3.51,47.35
211,3.51,47.44
212,3.51,47.42
218,3.5,47.28
230,3.49,47.3
234,3.48,47.18
240,3.48,47.1
252,3.48,47.07
254,3.48,47.15
248,3.48,47.17
249,3.48,47.22
245,3.48,47.22
239,3.49,47.47
236,3.49,47.28
229,3.49,47.33
224,3.49,47.21
229,3.5,47.01
235,3.51,46.39
241,3.51,46.1
240,3.51,46.28
238,3.52,46.41
236,3.52,46.38
235,3.52,46.27
239,3.52,46.29
244,3.52,46.19
242,3.52,46.32
249,3.52,46.14
253,3.51,46.33
255,3.51,46.54
258,3.51,46.57
252,3.51,46.41
255,3.5,46.33
246,3.49,46.19
242,3.48,46.16
239,3.49,45.96
237,3.48,45.62
237,3.49,45.56
234,3.49,45.4
235,3.49,45.51
230,3.49,45.48
233,3.49,45.4
237,3.49,45.73
237,3.48,45.66
247,3.49,45.76
250,3.49,45.47
244,3.48,45.39
238,3.49,45.42
244,3.5,45.33
238,3.5,45.25
234,3.5,45.04
233,3.51,45.22
239,3.51,45.43
238,3.51,45.37
238,3.51,45.31
242,3.51,45.19
245,3.51,45.01
248,3.51,45.0
241,3.51,45.03
231,3.52,44.83
227,3.52,44.66
223,3.52,44.6
218,3.52,44.68
218,3.52,44.75
229,3.52,44.7
233,3.52,44.67
232,3.51,44.74
229,3.51,44.56
222,3.51,44.63
220,3.51,44.64
218,3.51,44.64
217,3.52,44.45
216,3.52,44.51
212,3.52,44.51
215,3.52,44.37
214,3.52,44.37
214,3.52,44.57
220,3.52,44.43
222,3.53,44.5
216,3.53,44.4
218,3.52,44.4
215,3.52,44.27
220,3.52,43.95
219,3.52,43.56
220,3.54,43.76
224,3.53,44.07
224,3.53,43.81
225,3.52,44.06
224,3.53,44.25
222,3.53,44.43
218,3.54,44.36
220,3.54,44.56
220,3.54,44.43
221,3.54,44.36
225,3.54,44.24
222,3.55,44.37
215,3.55,44.5
217,3.54,44.31
215,3.54,44.57
216,3.54,44.39
214,3.54,44.39
208,3.54,44.54
207,3.54,44.48
207,3.55,44.55
211,3.55,44.8
214,3.55,44.79
226,3.56,44.86
231,3.56,44.54
231,3.56,44.59
233,3.56,44.76
232,3.55,44.58
234,3.55,44.26
233,3.55,44.02
240,3.55,44.01
232,3.55,44.0
228,3.55,44.19
224,3.55,44.45
216,3.55,44.53
209,3.54,44.48
201,3.54,44.85
198,3.54,44.93
205,3.54,44.85
203,3.54,45.07
199,3.53,44.89
197,3.53,44.74
206,3.53,44.92
215,3.54,44.82
226,3.54,45.08
221,3.54,45.05
223,3.54,45.1
223,3.54,44.97
224,3.54,44.84
220,3.55,44.47
216,3.55,44.41
217,3.55,44.15
214,3.55,44.35
213,3.55,44.41
212,3.56,44.55
207,3.56,44.56
202,3.55,44.36
195,3.57,44.23
188,3.56,44.38
183,3.56,44.17
184,3.57,44.32
183,3.57,44.55
179,3.57,44.64
181,3.57,45.02
182,3.57,45.03
184,3.57,45.25
183,3.58,45.49
179,3.58,45.67
174,3.58,45.8
175,3.57,45.86
170,3.57,45.92
173,3.57,45.88
175,3.56,45.37
177,3.56,45.27
175,3.55,45.84
171,3.56,45.97
167,3.55,46.34
162,3.55,46.32
159,3.55,46.27
155,3.55,46.24
149,3.55,45.96
148,3.55,45.98
146,3.55,46.0
142,3.55,45.85
145,3.54,45.44
147,3.54,45.43
143,3.54,45.38
141,3.53,45.19
141,3.53,45.39
142,3.53,45.18
139,3.53,45.11
148,3.53,44.37
154,3.54,44.26
163,3.55,43.99
163,3.55,44.16
170,3.54,44.23
173,3.53,44.38
171,3.53,44.22
173,3.53,44.06
164,3.53,43.8
160,3.53,43.7
160,3.54,44.22
161,3.55,44.31
168,3.54,44.21
169,3.53,44.56
165,3.54,45.26
159,3.54,45.67
160,3.54,45.76
158,3.53,45.88
154,3.53,45.84
155,3.52,45.65
158,3.52,44.91
163,3.53,44.53
167,3.53,44.84
166,3.53,45.02
170,3.53,45.07
168,3.53,45.33
165,3.53,45.44
164,3.53,45.11
165,3.52,45.02
162,3.51,44.86
160,3.52,45.12
164,3.52,45.42
160,3.52,45.73
164,3.53,45.68
164,3.52,45.14
169,3.51,45.02
169,3.51,45.11
166,3.52,45.12
160,3.52,44.8
160,3.52,44.89
160,3.52,44.8
162,3.52,44.79
165,3.51,45.01
180,3.53,44.93
191,3.53,44.88
190,3.53,44.89
184,3.54,45.15
180,3.54,44.86
175,3.54,44.73
170,3.55,44.42
166,3.55,44.18
160,3.56,44.46
154,3.55,44.66
155,3.55,45.29
161,3.55,45.24
164,3.55,45.64
165,3.56,45.61
165,3.56,45.96
166,3.56,46.1
167,3.56,46.16
169,3.56,46.3
168,3.56,46.22
172,3.56,46.17
180,3.56,45.91
187,3.56,46.05
189,3.57,46.33
190,3.57,46.17
191,3.57,46.31
188,3.56,46.35
190,3.56,46.18
194,3.56,46.06
194,3.56,45.99
188,3.56,45.91
185,3.56,45.64
181,3.55,45.6
178,3.55,45.79
173,3.55,46.41
170,3.55,47.37
177,3.56,47.79
181,3.56,48.16
185,3.55,48.37
192,3.56,48.78
193,3.55,48.83
196,3.55,48.9
210,3.55,48.31
209,3.55,48.26
210,3.55,48.17
207,3.55,48.15
213,3.55,48.02
209,3.55,47.62
205,3.54,47.35
206,3.54,47.27
208,3.53,47.24
207,3.53,46.98
205,3.53,46.74
199,3.53,46.47
194,3.53,46.46
193,3.53,46.7
189,3.53,47.05
188,3.53,47.15
191,3.53,47.68
193,3.53,48.22
190,3.54,48.52
194,3.53,48.43
197,3.53,48.44
204,3.54,48.49
207,3.54,48.49
212,3.54,48.72
209,3.54,48.92
206,3.54,48.79
204,3.54,48.78
202,3.54,48.95
200,3.54,48.8
202,3.54,48.82
203,3.54,48.32
195,3.54,48.64
194,3.54,48.3
194,3.54,48.3
193,3.53,47.96
191,3.54,47.85
195,3.54,47.84
193,3.54,48.03
192,3.54,47.9
187,3.54,47.63
183,3.54,47.33
185,3.54,47.21
192,3.53,47.31
191,3.54,47.55
196,3.54,47.24
194,3.54,47.42
192,3.53,47.38
189,3.53,47.29
184,3.53,47.16
186,3.54,47.05
196,3.54,46.96
194,3.55,47.22
197,3.55,47.03
195,3.55,46.85
194,3.55,47.01
192,3.55,46.89
194,3.55,46.99
191,3.55,47.33
192,3.55,47.53
192,3.54,47.46
191,3.54,47.48
196,3.54,47.54
201,3.54,47.46
205,3.53,47.73
209,3.52,48.06
207,3.52,48.09
205,3.52,48.27
202,3.51,48.82
205,3.52,49.09
208,3.52,49.35
206,3.52,49.06
201,3.52,49.46
200,3.52,49.42
192,3.52,49.66
193,3.53,49.63
188,3.52,49.85
187,3.52,49.44
184,3.53,49.38
185,3.53,49.49
182,3.53,49.58
180,3.53,50.04
181,3.53,50.09
182,3.53,49.83
184,3.53,49.69
182,3.53,49.76
179,3.53,49.94
175,3.54,50.16
172,3.54,50.09
173,3.54,50.29
171,3.54,50.53
171,3.54,50.36
174,3.52,49.84
174,3.52,49.6
174,3.52,49.6
176,3.52,49.62
180,3.51,49.64
182,3.51,49.82
189,3.51,50.11
195,3.51,50.28
199,3.52,50.65
200,3.52,50.76
195,3.52,50.72
201,3.52,50.59
197,3.52,50.51
199,3.52,50.73
201,3.52,50.73
195,3.52,50.73
187,3.52,51.03
189,3.53,51.02
189,3.53,51.25
189,3.53,51.32
187,3.53,51.55
187,3.52,51.7
194,3.52,51.62
197,3.52,51.72
195,3.52,51.79
197,3.52,51.28
200,3.52,51.03
204,3.51,51.03
212,3.51,51.28
212,3.52,51.35
212,3.52,51.42
209,3.52,51.87
210,3.52,51.97
209,3.52,52.0
206,3.52,51.98
204,3.52,52.13
198,3.52,52.23
194,3.52,52.4
193,3.51,52.38
190,3.51,52.13
195,3.5,52.07
193,3.5,52.15
190,3.5,51.98
196,3.51,51.73
195,3.51,51.78
190,3.51,51.4
194,3.51,50.89
200,3.51,50.32
198,3.5,50.03
200,3.5,50.03
192,3.5,50.07
193,3.5,50.03
190,3.51,49.99
192,3.52,49.63
194,3.52,49.58
194,3.52,49.58
193,3.53,49.68
188,3.52,49.68
189,3.53,49.51
182,3.53,49.57
184,3.52,49.73
187,3.51,49.57
189,3.51,49.44
182,3.52,49.35
175,3.52,49.25
176,3.52,48.97
181,3.5,49.07
180,3.49,48.56
180,3.48,48.71
185,3.48,48.51
191,3.48,48.07
205,3.48,48.21
201,3.49,48.58
205,3.5,48.62
210,3.51,48.9
209,3.51,49.06
206,3.51,49.48
206,3.51,49.48
207,3.51,49.17
212,3.51,49.11
205,3.51,49.02
207,3.51,49.11
200,3.5,49.44
193,3.51,49.42
188,3.51,49.65
181,3.5,49.72
181,3.5,49.64
184,3.5,49.77
182,3.5,49.91
182,3.5,49.98
182,3.5,49.9
192,3.5,49.44
198,3.5,49.63
205,3.5,49.7
207,3.5,50.04
211,3.5,50.12
207,3.5,50.58
209,3.51,50.1
208,3.51,50.12
211,3.51,50.17
208,3.51,50.39
207,3.51,50.5
214,3.52,50.81
212,3.52,50.87
209,3.51,50.84
206,3.5,50.81
204,3.5,50.68
197,3.49,50.78
187,3.49,50.55
178,3.5,50.88
178,3.5,50.8
184,3.49,50.26
184,3.49,50.03
194,3.49,50.07
195,3.49,50.25
200,3.5,50.36
199,3.49,50.61
191,3.48,50.23
188,3.48,50.48
184,3.48,50.02
184,3.48,50.02
188,3.48,50.48
193,3.48,50.31
205,3.49,50.42
199,3.49,50.68
196,3.5,50.35
195,3.5,50.31
194,3.5,50.35
194,3.5,50.35
188,3.5,50.33
181,3.5,50.51
183,3.5,50.59
182,3.5,50.77
180,3.51,50.69
179,3.51,50.88
191,3.52,50.88
196,3.51,50.7
195,3.52,50.52
185,3.52,50.42
187,3.52,50.34
189,3.52,50.43
202,3.52,50.49
213,3.52,50.6
224,3.53,50.83
230,3.53,51.01
241,3.53,51.45
242,3.54,51.13
245,3.55,51.16
236,3.55,51.2
232,3.55,51.2
234,3.54,51.19
228,3.53,51.14
220,3.54,51.16
219,3.53,51.32
221,3.53,51.12
218,3.53,51.16
223,3.53,51.18
223,3.53,51.05
220,3.53,51.15
221,3.53,51.31
224,3.53,51.08
233,3.54,51.05
240,3.55,51.01
241,3.55,50.69
244,3.55,50.67
248,3.55,50.73
252,3.55,50.74
254,3.55,50.57
254,3.55,50.73
254,3.55,50.68
253,3.55,50.93
261,3.55,51.04
258,3.55,51.23
257,3.55,51.42
250,3.54,51.47
250,3.54,51.41
242,3.54,51.48
243,3.54,51.1
247,3.54,51.16
242,3.54,51.02
246,3.54,50.91
247,3.53,50.93
248,3.53,50.79
251,3.54,50.76
256,3.54,50.84
255,3.54,50.65
251,3.54,50.2
247,3.54,50.53
248,3.54,50.56
242,3.55,50.49
243,3.55,50.59
246,3.55,51.08
254,3.54,51.29
250,3.54,51.24
250,3.54,51.23
252,3.55,51.06
249,3.54,51.31
248,3.54,51.23
250,3.54,51.5
254,3.54,51.49
257,3.54,51.78
256,3.53,52.03
255,3.53,52.28
255,3.53,52.23
256,3.53,52.41
251,3.52,52.41
250,3.52,52.28
251,3.52,52.08
247,3.52,51.87
249,3.52,51.87
254,3.52,51.71
254,3.53,51.71
248,3.53,51.62
255,3.53,51.41
255,3.53,51.57
250,3.53,51.34
255,3.54,51.13
261,3.54,51.12
266,3.53,51.25
275,3.54,51.57
276,3.54,51.53
281,3.53,51.59
279,3.52,51.34
271,3.52,51.41
267,3.51,51.41
264,3.51,51.5
258,3.51,51.47
252,3.5,51.54
250,3.51,51.49
247,3.5,51.19
248,3.5,51.1
244,3.5,50.82
239,3.5,50.85
234,3.5,51.0
242,3.5,51.1
247,3.5,50.78
251,3.5,50.78
252,3.5,50.92
252,3.51,50.64
254,3.51,50.81
257,3.51,50.78
270,3.5,50.44
281,3.5,50.34
282,3.5,50.56
275,3.5,50.42
277,3.5,50.42
273,3.49,50.47
270,3.49,50.38
265,3.5,50.29
260,3.5,50.47
255,3.5,50.66
246,3.5,50.51
238,3.5,50.8
229,3.5,50.77
231,3.5,50.83
230,3.51,50.92
227,3.52,51.39
232,3.53,51.53
235,3.53,51.37
234,3.53,51.1
238,3.53,51.04
241,3.53,50.77
246,3.52,50.85
242,3.52,50.74
242,3.52,50.74
235,3.52,50.77
236,3.53,51.1
233,3.53,51.25
225,3.53,51.7
220,3.53,51.81
212,3.52,51.65
205,3.52,51.72
200,3.52,51.56
195,3.52,51.69
189,3.52,51.57
182,3.52,51.48
184,3.52,51.71
183,3.52,51.6
186,3.52,51.62
189,3.51,51.5
192,3.51,51.6
196,3.51,51.44
193,3.51,51.19
191,3.51,51.27
193,3.51,51.19
197,3.51,51.54
197,3.51,51.62
194,3.51,51.82
191,3.51,51.28
188,3.5,51.25
186,3.5,51.33
185,3.5,51.38
184,3.5,51.87
186,3.51,51.78
184,3.51,51.41
183,3.51,51.53
181,3.52,51.54
182,3.52,51.96
186,3.52,51.86
194,3.52,52.03
199,3.52,52.18
206,3.52,52.23
204,3.51,52.59
209,3.52,52.65
210,3.53,52.81
211,3.53,52.97
215,3.52,52.93
217,3.53,52.97
218,3.53,52.61
218,3.52,52.67
221,3.52,52.86
225,3.53,52.64
225,3.52,52.64
222,3.51,52.89
216,3.51,52.95
214,3.51,52.85
218,3.51,53.26
214,3.51,53.37
210,3.51,53.29
211,3.51,53.37
209,3.5,52.93
217,3.5,52.85
231,3.49,53.03
232,3.5,53.35
229,3.5,53.42
227,3.49,53.57
228,3.5,53.59
228,3.49,53.34
225,3.49,53.21
223,3.49,52.98
216,3.49,52.89
227,3.49,52.51
221,3.49,52.17
217,3.49,52.13
213,3.5,52.02
208,3.5,52.15
203,3.49,51.95
199,3.49,51.77
202,3.49,51.65
202,3.49,51.86
198,3.48,52.03
205,3.49,52.22
214,3.49,52.52
231,3.49,52.73
228,3.49,52.72
229,3.48,52.62
230,3.48,52.95
231,3.48,52.72
232,3.48,53.05
232,3.48,52.8
235,3.48,52.87
238,3.48,52.81
239,3.47,52.72
233,3.48,52.83
230,3.47,52.7
224,3.47,52.75
222,3.47,52.83
217,3.48,52.65
217,3.49,52.84
216,3.49,53.08
217,3.49,53.29
215,3.49,53.51
221,3.49,53.49
221,3.49,53.49
225,3.48,53.51
235,3.48,53.34
240,3.47,53.26
239,3.47,53.12
229,3.47,53.16
226,3.46,52.85
226,3.46,52.48
218,3.46,52.47
214,3.46,52.18
216,3.46,51.97
217,3.46,51.87
210,3.46,51.87
213,3.47,51.76
220,3.47,52.08
229,3.48,52.06
220,3.48,51.89
225,3.48,52.14
223,3.48,52.34
232,3.49,52.55
238,3.48,53.04
243,3.48,53.14
239,3.48,53.0
241,3.48,52.92
245,3.48,53.0
240,3.47,52.67
242,3.47,52.88
245,3.48,52.94
247,3.47,52.98
240,3.47,52.84
234,3.47,53.08
231,3.47,53.26
235,3.47,53.22
230,3.47,53.24
235,3.47,53.22
236,3.48,53.35
235,3.47,53.51
236,3.48,53.59
238,3.48,53.69
245,3.48,54.04
256,3.48,54.53
261,3.49,54.48
265,3.48,54.16
268,3.48,54.3
268,3.48,54.41
261,3.49,54.43
258,3.48,54.66
256,3.47,54.74
258,3.48,54.66
254,3.48,54.77
251,3.48,54.85
250,3.48,54.56
243,3.48,54.58
242,3.48,54.74
245,3.48,54.83
241,3.48,54.9
245,3.48,55.06
243,3.48,55.21
243,3.48,55.55
245,3.48,55.57
250,3.48,55.73
254,3.47,55.87
264,3.47,55.94
280,3.47,56.05
286,3.47,55.99
285,3.48,56.03
282,3.47,55.77
280,3.46,55.75
275,3.46,55.82
273,3.45,55.8
273,3.46,55.91
263,3.46,55.89
264,3.46,55.68
262,3.46,55.61
262,3.46,55.61
263,3.46,55.72
270,3.46,55.78
276,3.46,55.82
278,3.47,55.63
275,3.47,55.77
276,3.47,55.72
280,3.47,55.8
285,3.47,55.74
296,3.47,55.72
303,3.47,55.77
305,3.47,55.74
303,3.47,55.72
311,3.46,55.78
303,3.46,55.72
301,3.46,55.52
298,3.47,55.41
291,3.46,55.45
285,3.46,55.25
285,3.47,55.4
282,3.47,55.37
284,3.47,55.29
284,3.47,55.29
287,3.47,55.41
281,3.48,55.36
285,3.49,55.4
288,3.48,55.62
292,3.47,55.84
303,3.47,55.77
313,3.47,55.79
321,3.47,56.02
325,3.47,55.95
331,3.47,56.03
325,3.47,56.04
317,3.47,56.13
314,3.46,56.2
315,3.46,56.12
310,3.46,56.09
303,3.47,56.14
293,3.46,56.18
289,3.47,56.06
289,3.47,56.16
287,3.47,56.15
274,3.47,56.12
270,3.47,56.14
277,3.46,56.08
278,3.47,55.89
278,3.47,55.89
275,3.47,55.82
283,3.48,55.83
291,3.48,55.69
301,3.48,55.76
311,3.48,55.91
317,3.49,56.04
312,3.49,56.1
312,3.49,56.1
306,3.49,56.06
303,3.49,56.32
297,3.48,56.48
296,3.48,56.62
295,3.48,56.71
292,3.48,56.8
294,3.48,56.75
301,3.48,56.73
299,3.49,56.72
294,3.49,56.7
291,3.49,56.6
289,3.49,56.59
298,3.49,56.72
300,3.49,56.82
301,3.49,56.78
309,3.5,56.44
324,3.5,56.46
336,3.51,56.59
339,3.52,56.6
333,3.52,56.58
326,3.52,56.73
328,3.52,56.74
325,3.52,56.73
320,3.51,56.71
319,3.51,56.71
312,3.51,56.68
317,3.51,56.7
311,3.52,56.77
309,3.52,56.85
305,3.51,56.84
